{"cameraMode":{"drawMode":0,"name":"Shaded","section":"Shading Mode"},"sceneLighting":false,"audioPlay":false,"sceneViewState":{"showFog":true,"showMaterialUpdate":true,"showSkybox":false,"showFlares":true,"showImageEffects":true,"showParticleSystems":true},"in2DMode":false,"pivot":{"x":-18.874431610107423,"y":1.8891630172729493,"z":-27.159042358398439},"rotation":{"x":0.30818793177604678,"y":0.036517705768346789,"z":-0.01186157763004303,"w":0.9506407976150513},"size":1.064018726348877,"orthographic":false}