{"cameraMode":{"drawMode":0,"name":"Shaded","section":"Shading Mode"},"sceneLighting":false,"audioPlay":false,"sceneViewState":{"showFog":true,"showMaterialUpdate":true,"showSkybox":false,"showFlares":true,"showImageEffects":true,"showParticleSystems":true},"in2DMode":false,"pivot":{"x":-30.61091423034668,"y":0.876960277557373,"z":-17.8024845123291},"rotation":{"x":-0.5573741793632507,"y":0.007238312624394894,"z":-0.0043892161920666698,"w":-0.8306521773338318},"size":1.224745273590088,"orthographic":false}