{"cameraMode":{"drawMode":0,"name":"Shaded","section":"Shading Mode"},"sceneLighting":false,"audioPlay":false,"sceneViewState":{"showFog":true,"showMaterialUpdate":true,"showSkybox":false,"showFlares":true,"showImageEffects":true,"showParticleSystems":true},"in2DMode":false,"pivot":{"x":-16.15536880493164,"y":1.265525460243225,"z":-26.501863479614259},"rotation":{"x":-0.3015516400337219,"y":-0.084666408598423,"z":0.02731380984187126,"w":-0.9496749043464661},"size":1.224745273590088,"orthographic":false}