{"cameraMode":{"drawMode":0,"name":"Shaded","section":"Shading Mode"},"sceneLighting":false,"audioPlay":false,"sceneViewState":{"showFog":true,"showMaterialUpdate":true,"showSkybox":false,"showFlares":true,"showImageEffects":true,"showParticleSystems":true},"in2DMode":false,"pivot":{"x":-18.768476486206056,"y":1.9061614274978638,"z":-30.153783798217775},"rotation":{"x":-0.16169066727161408,"y":0.6001253128051758,"z":-0.12461107224225998,"w":-0.7739284038543701},"size":0.1852104663848877,"orthographic":false}