{"cameraMode":{"drawMode":0,"name":"Shaded","section":"Shading Mode"},"sceneLighting":false,"audioPlay":false,"sceneViewState":{"showFog":true,"showMaterialUpdate":true,"showSkybox":false,"showFlares":true,"showImageEffects":true,"showParticleSystems":true},"in2DMode":false,"pivot":{"x":-22.187950134277345,"y":1.7541831731796265,"z":-30.780658721923829},"rotation":{"x":-0.4391188621520996,"y":0.01589537411928177,"z":-0.0072283875197172169,"w":-0.8986810445785523},"size":1.2247486114501954,"orthographic":false}