{"cameraMode":{"drawMode":0,"name":"Shaded","section":"Shading Mode"},"sceneLighting":true,"audioPlay":false,"sceneViewState":{"showFog":true,"showMaterialUpdate":true,"showSkybox":true,"showFlares":true,"showImageEffects":true,"showParticleSystems":true},"in2DMode":false,"pivot":{"x":2172.84326171875,"y":103.05388641357422,"z":-226.6950225830078},"rotation":{"x":0.18135595321655274,"y":0.1483609527349472,"z":-0.02769136242568493,"w":0.9717848896980286},"size":287.9627380371094,"orthographic":false}