{"cameraMode":{"drawMode":0,"name":"Shaded","section":"Shading Mode"},"sceneLighting":false,"audioPlay":false,"sceneViewState":{"showFog":true,"showMaterialUpdate":true,"showSkybox":false,"showFlares":true,"showImageEffects":true,"showParticleSystems":true},"in2DMode":false,"pivot":{"x":-18.80516815185547,"y":0.7699334621429443,"z":-26.276899337768556},"rotation":{"x":-0.3837466835975647,"y":-0.27493467926979067,"z":0.12115815281867981,"w":-0.8736090660095215},"size":1.5247480869293213,"orthographic":false}