{"cameraMode":{"drawMode":0,"name":"Shaded","section":"Shading Mode"},"sceneLighting":false,"audioPlay":false,"sceneViewState":{"showFog":true,"showMaterialUpdate":true,"showSkybox":false,"showFlares":true,"showImageEffects":true,"showParticleSystems":true},"in2DMode":false,"pivot":{"x":-30.631134033203126,"y":1.4663372039794922,"z":-17.55002212524414},"rotation":{"x":-0.41849973797798159,"y":-0.03571349009871483,"z":0.017012352123856546,"w":-0.9077728390693665},"size":1.224745273590088,"orthographic":false}