{"cameraMode":{"drawMode":0,"name":"Shaded","section":"Shading Mode"},"sceneLighting":true,"audioPlay":false,"sceneViewState":{"showFog":true,"showMaterialUpdate":false,"showSkybox":true,"showFlares":true,"showImageEffects":true,"showParticleSystems":true},"in2DMode":false,"pivot":{"x":-9.65466594696045,"y":-2.9203102588653566,"z":-21.121753692626954},"rotation":{"x":0.22907091677188874,"y":0.3007000982761383,"z":-0.07462900876998902,"w":0.9228142499923706},"size":6.692558765411377,"orthographic":false}