{"cameraMode":{"drawMode":0,"name":"Shaded","section":"Shading Mode"},"sceneLighting":true,"audioPlay":false,"sceneViewState":{"showFog":false,"showMaterialUpdate":false,"showSkybox":false,"showFlares":false,"showImageEffects":false,"showParticleSystems":false},"in2DMode":false,"pivot":{"x":-9.969493865966797,"y":-3.525195598602295,"z":-20.435089111328126},"rotation":{"x":-0.41867563128471377,"y":-0.03489231318235397,"z":0.016034260392189027,"w":-0.9073614478111267},"size":8.419074058532715,"orthographic":false}