{"cameraMode":{"drawMode":0,"name":"Shaded","section":"Shading Mode"},"sceneLighting":true,"audioPlay":false,"sceneViewState":{"showFog":true,"showMaterialUpdate":false,"showSkybox":true,"showFlares":true,"showImageEffects":true,"showParticleSystems":true},"in2DMode":false,"pivot":{"x":-16.012466430664064,"y":-11.81116771697998,"z":-21.909692764282228},"rotation":{"x":0.5202277302742004,"y":-0.04096080735325813,"z":0.024999186396598817,"w":0.8526999354362488},"size":8.806100845336914,"orthographic":false}