{"cameraMode":{"drawMode":0,"name":"Shaded","section":"Shading Mode"},"sceneLighting":true,"audioPlay":false,"sceneViewState":{"showFog":true,"showMaterialUpdate":false,"showSkybox":true,"showFlares":true,"showImageEffects":true,"showParticleSystems":true},"in2DMode":false,"pivot":{"x":-2.0288925170898439,"y":-7.472611427307129,"z":-11.607894897460938},"rotation":{"x":-0.2934226989746094,"y":-0.1784585416316986,"z":0.055830515921115878,"w":-0.9375416040420532},"size":9.213554382324219,"orthographic":false}